{
    "naive_bayes": {
        "accuracy": 0.6800684345594525,
        "macro_avg": {
            "precision": 0.6444065926504217,
            "recall": 0.5041635049229742,
            "f1_score": 0.4893281872455652
        },
        "weighted_avg": {
            "precision": 0.6676245882459786,
            "recall": 0.6800684345594525,
            "f1_score": 0.6240574927155333
        },
        "per_class": {
            "negative": {
                "precision": 0.5384615384615384,
                "recall": 0.040697674418604654,
                "f1_score": 0.07567567567567568,
                "support": 172
            },
            "neutral": {
                "precision": 0.6681664791901012,
                "recall": 0.9488817891373802,
                "f1_score": 0.7841584158415842,
                "support": 626
            },
            "positive": {
                "precision": 0.7265917602996255,
                "recall": 0.522911051212938,
                "f1_score": 0.6081504702194357,
                "support": 371
            }
        }
    },
    "svm": {
        "accuracy": 0.69803250641574,
        "macro_avg": {
            "precision": 0.6106646566006328,
            "recall": 0.5494132391162084,
            "f1_score": 0.5499976468098006
        },
        "weighted_avg": {
            "precision": 0.6681381592086025,
            "recall": 0.69803250641574,
            "f1_score": 0.6644952091326336
        },
        "per_class": {
            "negative": {
                "precision": 0.38,
                "recall": 0.11046511627906977,
                "f1_score": 0.17117117117117117,
                "support": 172
            },
            "neutral": {
                "precision": 0.6941323345817728,
                "recall": 0.8881789137380192,
                "f1_score": 0.7792571829011913,
                "support": 626
            },
            "positive": {
                "precision": 0.7578616352201258,
                "recall": 0.6495956873315364,
                "f1_score": 0.6995645863570392,
                "support": 371
            }
        }
    }
}