{
    "finbert": {
        "accuracy": 0.795551753635586,
        "macro_avg": {
            "precision": 0.7475736489942723,
            "recall": 0.7205638240980377,
            "f1_score": 0.7319484339368337
        },
        "weighted_avg": {
            "precision": 0.7954955048314681,
            "recall": 0.795551753635586,
            "f1_score": 0.7933558014980191
        },
        "per_class": {
            "neutral": {
                "precision": 0.8017492711370262,
                "recall": 0.8785942492012779,
                "f1_score": 0.8384146341463414,
                "support": 626
            },
            "positive": {
                "precision": 0.9054878048780488,
                "recall": 0.8005390835579514,
                "f1_score": 0.8497854077253219,
                "support": 371
            },
            "negative": {
                "precision": 0.535483870967742,
                "recall": 0.48255813953488375,
                "f1_score": 0.5076452599388379,
                "support": 172
            }
        }
    }
}