{
    "finbert": {
        "accuracy": 0.8494439692044482,
        "macro_avg": {
            "precision": 0.8011783847152647,
            "recall": 0.7809164126757601,
            "f1_score": 0.7899868872903673
        },
        "weighted_avg": {
            "precision": 0.8488982842348495,
            "recall": 0.8494439692044482,
            "f1_score": 0.8481168801157086
        },
        "per_class": {
            "negative": {
                "precision": 0.5911949685534591,
                "recall": 0.5465116279069767,
                "f1_score": 0.56797583081571,
                "support": 172
            },
            "neutral": {
                "precision": 0.856071964017991,
                "recall": 0.9121405750798722,
                "f1_score": 0.8832173240525909,
                "support": 626
            },
            "positive": {
                "precision": 0.956268221574344,
                "recall": 0.8840970350404312,
                "f1_score": 0.9187675070028011,
                "support": 371
            }
        }
    }
}